,name,id,description,genres,developers,publishers,released,esrb_rating.name,parent_platforms,playtime,metacritic,game_series_count,rating,rating_top,ratings_count,reddit_count,reviews_count,suggestions_count,twitch_count,youtube_count,slug,tags
0,Commandos 2 and Praetorians: HD Remaster Double Pack,Commandos 2 & Praetorians: HD Remaster Double Pack,,,,,,,,,,,,,,,,,,,,
0,Totally Reliable Delivery Service Deluxe Edition,Totally Reliable Delivery Service,,,,,,,,,,,,,,,,,,,,
0,Persona®5 Royal Deluxe Edition,Persona 5 Royal,,,,,,,,,,,,,,,,,,,,
0,eFootball PES 2021 SEASON UPDATE STANDARD EDITION,eFootball PES 2021,,,,,,,,,,,,,,,,,,,,
0,Demon’s Tier+,Demon's Tier,,,,,,,,,,,,,,,,,,,,
0,ONE PIECE: PIRATE WARRIORS 4 Edição Deluxe,ONE PIECE: PIRATE WARRIORS 4,,,,,,,,,,,,,,,,,,,,
0,Predator: Hunting Grounds Digital Deluxe Edition,Predator: Hunting Grounds,,,,,,,,,,,,,,,,,,,,
0,FAIRY TAIL Digital Deluxe,Fairy Tail,,,,,,,,,,,,,,,,,,,,
0,Ghost of Tsushima Digital Deluxe Edition,Ghost of Tsushima,,,,,,,,,,,,,,,,,,,,
0,Don’t Starve Mega Pack 2020,Don't Starve Mega Pack 2020,,,,,,,,,,,,,,,,,,,,
0,World War Z - GOTY Edition,World War Z (2019),,,,,,,,,,,,,,,,,,,,
0,DOOM Eternal Edição Padrão,DOOM Eternal,,,,,,,,,,,,,,,,,,,,
0,Arizona Sunshine® - Deluxe Edition,Arizona Sunshine,,,,,,,,,,,,,,,,,,,,
0,Konrad’s Kittens - Pacote de temas para gatos,Kitten adventures in city park,,,,,,,,,,,,,,,,,,,,
0,Eastasiasoft Indie Shmup Bundle,Team Indie,,,,,,,,,,,,,,,,,,,,
0,SWORD ART ONLINE Alicization Lycoris,SWORD ART ONLINE: Alicization Lycoris,,,,,,,,,,,,,,,,,,,,
0,Fallout 76: Aurora de Aço – Edição Deluxe,Fallout 76,,,,,,,,,,,,,,,,,,,,
0,MY HERO ONE’S JUSTICE 2,MY HERO ONE'S JUSTICE 2,,,,,,,,,,,,,,,,,,,,
0,MY HERO ONE’S JUSTICE 2 Edição Deluxe,My Hero One’s Justice,,,,,,,,,,,,,,,,,,,,
0,The Crew® 2 Deluxe Edition,Assassin's Creed 2 Deluxe Edition,,,,,,,,,,,,,,,,,,,,
0,The Division 2 - Warlords of New York - Ultimate Edition,Tom Clancy’s The Division 2: Warlords of New York,,,,,,,,,,,,,,,,,,,,
0,Street Fighter V: Champion Edition,Street Fighter II: Champion Edition,,,,,,,,,,,,,,,,,,,,
0,Monster Energy Supercross 3 - Special Edition,Monster Energy Supercross - The Official Videogame,,,,,,,,,,,,,,,,,,,,
0,DRAGON BALL Z: KAKAROT - Edição Definitiva,Dragon Ball Z: Kakarot,,,,,,,,,,,,,,,,,,,,
0,The Surge 2 - Premium Edition,Dreamscapes: The Sandman - Premium Edition,,,,,,,,,,,,,,,,,,,,
0,Pacote Triplo Crash™ + Spyro™,Spyro 2: Ripto's Rage!,,,,,,,,,,,,,,,,,,,,
0,Let’s Sing Country - Platinum Edition,Let's Sing Country,,,,,,,,,,,,,,,,,,,,
0,STAR WARS™ Battlefront™ II: Celebration Edition,STAR WARS Battlefront 2 (2005),,,,,,,,,,,,,,,,,,,,
0,Pacote de Jogos - Crash™ Team Racing Nitro-Fueled + Spyro™,Crash Team Racing Nitro-Fueled,,,,,,,,,,,,,,,,,,,,
0,DEEMO -Reborn-,DEEMO -Reborn,,,,,,,,,,,,,,,,,,,,
0,Shenmue III - Digital Deluxe Edition,Shenmue,,,,,,,,,,,,,,,,,,,,
0,STAR WARS Jedi: Fallen Order™ Edição Deluxe,Star Wars Jedi: Fallen Order,,,,,,,,,,,,,,,,,,,,
0,Atelier Ryza: Digital Deluxe Edition,Talisman: Digital Edition,,,,,,,,,,,,,,,,,,,,
0,Atelier Ryza: Ever Darkness and the Secret Hideout,Atelier Ryza: Ever Darkness & the Secret Hideout,,,,,,,,,,,,,,,,,,,,
0,Need for Speed™ Heat,Need for Speed Heat,,,,,,,,,,,,,,,,,,,,
0,Call of Duty®: Modern Warfare®,Call of Duty 4: Modern Warfare,,,,,,,,,,,,,,,,,,,,
0,Farming Simulator 19 - Platinum Edition,Farming Simulator 19,,,,,,,,,,,,,,,,,,,,
0,Plants vs. Zombies™: Batalha por Neighborville Edição Deluxe,Plants vs. Zombies: Battle for Neighborville,,,,,,,,,,,,,,,,,,,,
0,Worms Battlegrounds + Worms W.M.D,Worms W.M.D,,,,,,,,,,,,,,,,,,,,
0,Zombieland: Double Tap- Road Trip,Zombieland: Double Tap - Road Trip,,,,,,,,,,,,,,,,,,,,
0,GRID Ultimate Edition,Blasting Agent: Ultimate Edition,,,,,,,,,,,,,,,,,,,,
0,Tom Clancy’s Ghost Recon Breakpoint,Tom Clancy's Ghost Recon Breakpoint,,,,,,,,,,,,,,,,,,,,
0,Tom Clancy’s Ghost Recon Breakpoint Ultimate Edition,Tom Clancy's Ghost Recon Breakpoint,,,,,,,,,,,,,,,,,,,,
0,Tropico 6 El Prez Edition,Tropico 6,,,,,,,,,,,,,,,,,,,,
0,Catherine: Full Body Digital Deluxe Edition,Catherine: Full Body,,,,,,,,,,,,,,,,,,,,
0,DiRT Rally 2.0 - Game of the Year Edition,DiRT Rally 2.0,,,,,,,,,,,,,,,,,,,,
0,The Bard’s Tale IV: Director’s Cut,The Bard's Tale IV: Director's Cut,,,,,,,,,,,,,,,,,,,,
0,F1® 2019,F1 2017,,,,,,,,,,,,,,,,,,,,
0,Train Sim World® 2020,Train Sim World: CSX Heavy Haul,,,,,,,,,,,,,,,,,,,,
0,Mutant Year Zero: Road to Eden - Deluxe Edition ,Mutant Year Zero: Road to Eden,,,,,,,,,,,,,,,,,,,,
0,Rainbow Skies + Rainbow Moon Mega RPG Bundle,Rainbow Moon,,,,,,,,,,,,,,,,,,,,
0,F1® 2019 Legends Edition Senna and Prost,F1 2017,,,,,,,,,,,,,,,,,,,,
0,Crash™ Team Racing Nitro-Fueled,Crash Team Racing Nitro-Fueled,,,,,,,,,,,,,,,,,,,,
0,Horizon Shift ’81,Horizon Shift '81,,,,,,,,,,,,,,,,,,,,
0,Lapis x Labyrinth ,Lapis x Labyrinth,,,,,,,,,,,,,,,,,,,,
0,Xenon Racer - Deluxe Edition,Xenon Racer,,,,,,,,,,,,,,,,,,,,
0,Konrad’s Kittens Bundle,Bernie's Mittens 'n' Kittens,,,,,,,,,,,,,,,,,,,,
0,Conan Exiles – Deluxe Edition,Conan Exiles,,,,,,,,,,,,,,,,,,,,
0,Power Rangers: Battle For The Grid - Edição de Colecionador,Power Rangers: Battle For The Grid,,,,,,,,,,,,,,,,,,,,
0,SEVEN: ENHANCED EDITION,Interplanetary: Enhanced Edition,,,,,,,,,,,,,,,,,,,,
0,ONE PIECE World Seeker Edição Deluxe,ONE PIECE World Seeker,,,,,,,,,,,,,,,,,,,,
0,Coleção LEGO® Marvel,LEGO Marvel's Avengers,,,,,,,,,,,,,,,,,,,,
0,The Walking Vegetables: Radical Edition,The Walking Vegetables,,,,,,,,,,,,,,,,,,,,
0,Anthem™ - Edição Legião da Alvorada,Anthem,,,,,,,,,,,,,,,,,,,,
0,Quase Lá: O jogo de plataforma,Pastor de Ovelhas - O Jogo,,,,,,,,,,,,,,,,,,,,
0,ACE COMBAT™ 7: SKIES UNKNOWN,ACE COMBAT 7: SKIES UNKNOWN,,,,,,,,,,,,,,,,,,,,
0,SWORD ART ONLINE: FATAL BULLET Edição Completa,SWORD ART ONLINE: Fatal Bullet,,,,,,,,,,,,,,,,,,,,
0,Tales of Vesperia™: Edição Definitiva,Tales of Vesperia: Definitive Edition,,,,,,,,,,,,,,,,,,,,
0,Override: Mech City Brawl - Super Charged Mega Edition,Override: Mech City Brawl,,,,,,,,,,,,,,,,,,,,
0,Darksiders III Blades and Whip Edition,Darksiders II Deathinitive Edition,,,,,,,,,,,,,,,,,,,,
0,Darksiders III Digital Deluxe Edition,Darksiders II Deathinitive Edition,,,,,,,,,,,,,,,,,,,,
0,Farming Simulator 19 - Premium Edition,Farming Simulator 19,,,,,,,,,,,,,,,,,,,,
0,Aces of the Luftwaffe - Squadron Extended Edition,Aces of the Luftwaffe - Squadron,,,,,,,,,,,,,,,,,,,,
0,HITMAN™ 2,HITMAN 2 - Prologue,,,,,,,,,,,,,,,,,,,,
0,Knowledge is Power:Decades,Knowledge is Power: Decades,,,,,,,,,,,,,,,,,,,,
0,HITMAN 2 - Edição Ouro,HITMAN 2 - Prologue,,,,,,,,,,,,,,,,,,,,
0,Tetris® Effect,Tetris Effect: Connected,,,,,,,,,,,,,,,,,,,,
0,The Sims™ 4 + Gatos e Cães – Bundle,The Sims 4,,,,,,,,,,,,,,,,,,,,
0,MudRunner - American Wilds Edition,MudRunner - American Wilds Expansion,,,,,,,,,,,,,,,,,,,,
0,Nickelodeon Kart Racers,Nickelodeon: Kart Racers,,,,,,,,,,,,,,,,,,,,
0,LEGO® DC Super-Vilões Edição Deluxe,LEGO DC Super-Villains,,,,,,,,,,,,,,,,,,,,
0,Assassin’s Creed® Odyssey Gold Edition,Assassin's Creed Odyssey,,,,,,,,,,,,,,,,,,,,
0,Creed Rise to Glory™,Creed: Rise to Glory,,,,,,,,,,,,,,,,,,,,
0,Edição Ultimate do Tom Clancy’s Ghost Recon® Wildlands,Tom Clancy's Ghost Recon Wildlands,,,,,,,,,,,,,,,,,,,,
0,Fishing Sim World®: Pro Tour,Fishing Sim World: Pro Tour + Giant Carp Pack,,,,,,,,,,,,,,,,,,,,
0,Disgaea 5 Complete Bundle,DISGAEA 5: ALLIANCE OF VENGEANCE,,,,,,,,,,,,,,,,,,,,
0,Mega Man X Legacy Collection 1+2,Mega Man X Legacy Collection 2,,,,,,,,,,,,,,,,,,,,
0,ONRUSH DIGITAL DELUXE EDITION,Talisman: Digital Edition,,,,,,,,,,,,,,,,,,,,
0,ONRUSH STANDARD DIGITAL EDITION,Talisman: Digital Edition,,,,,,,,,,,,,,,,,,,,
0,Overwatch: Legendary Edition,Mass Effect: Legendary Edition,,,,,,,,,,,,,,,,,,,,
0,DOOM + Wolfenstein II Bundle,Wolfenstein 2: The New Colossus,,,,,,,,,,,,,,,,,,,,
0,Skyrim Special Edition + Fallout 4 G.O.T.Y. Bundle,The Elder Scrolls V: Skyrim Special Edition,,,,,,,,,,,,,,,,,,,,
0,God of War Digital Deluxe Edition,God of War (2005),,,,,,,,,,,,,,,,,,,,
0,Extinction,eXtinction (2002),,,,,,,,,,,,,,,,,,,,
0,Extinction: Deluxe Edition,DISTRAINT: Deluxe Edition,,,,,,,,,,,,,,,,,,,,
0,Ni no Kuni™ II: REVENANT KINGDOM,Ni no Kuni II: Revenant Kingdom,,,,,,,,,,,,,,,,,,,,
0,Burnout™ Paradise Remastered,Burnout Paradise Remastered,,,,,,,,,,,,,,,,,,,,
0,Devil May Cry HD Collection and 4SE Bundle,DmC: Devil May Cry,,,,,,,,,,,,,,,,,,,,
0,Konrad’s Kittens,Bernie's Mittens 'n' Kittens,,,,,,,,,,,,,,,,,,,,
0,Xenon Valkyrie+,Xenon Valkyrie,,,,,,,,,,,,,,,,,,,,
0,DRAGON BALL FIGHTERZ - FighterZ Edition,DRAGON BALL FighterZ,,,,,,,,,,,,,,,,,,,,
0,SONIC FORCES Edição Digital Standard,Sonic Forces,,,,,,,,,,,,,,,,,,,,
0,Kerbal Space Program Enhanced Edition,Space Hulk: Deathwing - Enhanced Edition,,,,,,,,,,,,,,,,,,,,
0,Grand Theft Auto V: Edição Premium,Grand Theft Auto V,,,,,,,,,,,,,,,,,,,,
0,Vegas Party,Vegas Party (2017),,,,,,,,,,,,,,,,,,,,
0,Dead Rising 4: Frank’s Big Package,Dead Rising 4: Frank's Big Package,,,,,,,,,,,,,,,,,,,,
0,Arizona Sunshine®,Arizona Sunshine,,,,,,,,,,,,,,,,,,,,
0,Loading Human - Chapter 1,Loading Human: Chapter 1,,,,,,,,,,,,,,,,,,,,
0,The Sims™ 4 Edição Festa Deluxe,The Sims 4,,,,,,,,,,,,,,,,,,,,
0,LEGO® Marvel Super Heroes 2,LEGO Marvel Super Heroes,,,,,,,,,,,,,,,,,,,,
0,Need for Speed™ Payback - Deluxe Edition,Need for Speed Payback,,,,,,,,,,,,,,,,,,,,
0,Wuppo - Deluxe Edition,Wuppo,,,,,,,,,,,,,,,,,,,,
0,Wuppo - Super Deluxe Edition,Wuppo,,,,,,,,,,,,,,,,,,,,
0,Assassin’s Creed® Origins Gold Edition,Assassin's Creed Origins,,,,,,,,,,,,,,,,,,,,
0,The Metronomicon: Slay the Dance Floor - Deluxe,The Metronomicon: Slay the Dance Floor,,,,,,,,,,,,,,,,,,,,
0,ARK: Survival Evolved Explorer’s Edition,ARK: Survival Evolved,,,,,,,,,,,,,,,,,,,,
0,Fallout 4: Game of the Year Edition,Fallout 3: Game of the Year Edition,,,,,,,,,,,,,,,,,,,,
0,Marvel vs. Capcom: Infinite - Standard Edition,Marvel vs. Capcom: Infinite,,,,,,,,,,,,,,,,,,,,
0,Dead Alliance™,Mortal Kombat: Deadly Alliance,,,,,,,,,,,,,,,,,,,,
0,Dead Alliance™: Multiplayer Edition,Dead Alliance: Multiplayer Beta,,,,,,,,,,,,,,,,,,,,
0,Mega Man Legacy Collection 1 and 2 Combo Pack,Mega Man Legacy Collection 1 & 2 Combo Pack,,,,,,,,,,,,,,,,,,,,
0,Sine Mora EX,Sine Mora,,,,,,,,,,,,,,,,,,,,
0,Sundered®: Eldritch Edition,Sundered: Eldritch Edition,,,,,,,,,,,,,,,,,,,,
0,That’s You!,That's You!,,,,,,,,,,,,,,,,,,,,
0,Crash Bandicoot™ N. Sane Trilogy,Crash Bandicoot N. Sane Trilogy,,,,,,,,,,,,,,,,,,,,
0,Pacote Familiar EA,Familiar Unfamiliar,,,,,,,,,,,,,,,,,,,,
0,Injustice™ 2,Injustice 2,,,,,,,,,,,,,,,,,,,,
0,Resident Evil™ Code: Veronica X,Resident Evil Code: Veronica,,,,,,,,,,,,,,,,,,,,
0,Darksiders: Fury’s Collection - War and Death,Darksiders Fury's Collection - War and Death,,,,,,,,,,,,,,,,,,,,
0,Troll and I™,SHENZHEN I/O,,,,,,,,,,,,,,,,,,,,
0,Gem Smashers,Gem Smashers (2003),,,,,,,,,,,,,,,,,,,,
0,Sublevel Zero - Redux,Sublevel Zero Redux,,,,,,,,,,,,,,,,,,,,
0,Sniper Elite 4 Deluxe Edition,DISTRAINT: Deluxe Edition,,,,,,,,,,,,,,,,,,,,
0,NARUTO SHIPPUDEN™: Ultimate Ninja® STORM 4 ROAD TO BORUTO,NARUTO SHIPPUDEN: Ultimate Ninja STORM 4 ROAD TO BORUTO,,,,,,,,,,,,,,,,,,,,
0,RESIDENT EVIL 7 biohazard,Resident Evil 7: Biohazard,,,,,,,,,,,,,,,,,,,,
0,Watch Dogs 2 - Gold Edition,Watch Dogs Legion,,,,,,,,,,,,,,,,,,,,
0,DRAGON BALL XENOVERSE Super Bundle,Dragon Ball: Xenoverse,,,,,,,,,,,,,,,,,,,,
0,Battlefield™ 1,Battlefield 1,,,,,,,,,,,,,,,,,,,,
0,O Pacote Jackbox Party 3,The Jackbox Party Pack 3,,,,,,,,,,,,,,,,,,,,
0,Virginia – Pacote de Edição Especial,Virginia,,,,,,,,,,,,,,,,,,,,
0,Don’t Starve Together: Console Edition,Stellaris: Console Edition,,,,,,,,,,,,,,,,,,,,
0,The Witcher 3: Wild Hunt – Complete Edition,The Witcher 3: Game of the Year,,,,,,,,,,,,,,,,,,,,
0,No Man’s Sky,No Man's Sky,,,,,,,,,,,,,,,,,,,,
0,Cast of the Seven Godsends – Redux ,Cast of the Seven Godsends,,,,,,,,,,,,,,,,,,,,
0,LEGO® Star Wars™: LEGO® Star Wars™: The Force Awakens de Luxo,LEGO Star Wars: The Force Awakens,,,,,,,,,,,,,,,,,,,,
0,Heart&Slash,Heart,,,,,,,,,,,,,,,,,,,,
0,Umbrella Corps,Umbrella Corps /Biohazard Umbrella Corps,,,,,,,,,,,,,,,,,,,,
0,Umbrella Corps Deluxe Edition,Umbrella Corps /Biohazard Umbrella Corps,,,,,,,,,,,,,,,,,,,,
0,DOOM,DOOM (2016),,,,,,,,,,,,,,,,,,,,
0,"Invisible, Inc. Console Edition","Invisible, Inc.",,,,,,,,,,,,,,,,,,,,
0,DARK SOULS™ III,Dark Fall 3: Lost Souls,,,,,,,,,,,,,,,,,,,,
0,BEB: Super Mega Bundle,Super Mega Baseball: Extra Innings,,,,,,,,,,,,,,,,,,,,
0,Blast ’Em Bunnies,Blast 'Em Bunnies,,,,,,,,,,,,,,,,,,,,
0,The Witch and the Hundred Knight: Revival Edition,The Witch and the Hundred Knight,,,,,,,,,,,,,,,,,,,,
0,Atualização de Rainbow Moon para PS4™,Rainbow Moon,,,,,,,,,,,,,,,,,,,,
0,Randal’s Monday,Randal's Monday,,,,,,,,,,,,,,,,,,,,
0,Street Fighter™ V,Street Fighter V CFN Beta,,,,,,,,,,,,,,,,,,,,
0,NARUTO SHIPPUDEN™: Ultimate Ninja® STORM 4,NARUTO SHIPPUDEN: Ultimate Ninja STORM 4,,,,,,,,,,,,,,,,,,,,
0,LEGO® Marvel’s Avengers Edição de Luxo,LEGO Marvel's Avengers,,,,,,,,,,,,,,,,,,,,
0,Resident Evil 0,Resident Evil 0 / biohazard 0 HD REMASTER,,,,,,,,,,,,,,,,,,,,
0,Earth Defense Force 4.1: The Shadow of New Despair,EARTH DEFENSE FORCE 4.1 The Shadow of New Despair,,,,,,,,,,,,,,,,,,,,
0,BEYOND: Two Souls™,BEYOND: Two Souls,,,,,,,,,,,,,,,,,,,,
0,Resident Evil Revelations 2 Edição de Luxo,Resident Evil Revelations,,,,,,,,,,,,,,,,,,,,
0,Bloodborne™ Complete Edition Bundle,Bloodborne,,,,,,,,,,,,,,,,,,,,
0,Resident Evil,Resident Evil (2002),,,,,,,,,,,,,,,,,,,,
0,Terraria: PS4™ Edition,Terraria,,,,,,,,,,,,,,,,,,,,
0,Battlefield 4™ Premium Edition,Battlefield 4,,,,,,,,,,,,,,,,,,,,
0,Plants vs. Zombies™ Garden Warfare,Plants vs Zombies Garden Warfare,,,,,,,,,,,,,,,,,,,,
0,The Last Of Us™ Remastered ,The Last of Us Part II,,,,,,,,,,,,,,,,,,,,
0,Don’t Starve: Console Edition,Stellaris: Console Edition,,,,,,,,,,,,,,,,,,,,
0,LEGO® Marvel™ Super Heroes,LEGO Marvel Super Heroes,,,,,,,,,,,,,,,,,,,,
0,Wreckfest - Complete Edition,Wreckfest,,,,,,,,,,,,,,,,,,,,
0,MotoGP™20,MotoGP 14,,,,,,,,,,,,,,,,,,,,
0,SnowRunner - Premium Edition,SnowRunner,,,,,,,,,,,,,,,,,,,,
0,The Surge 1 and 2 - Dual Pack,The Surge 1 & 2 - Dual Pack,,,,,,,,,,,,,,,,,,,,
0,"Conan Exiles – Complete Edition, maio de 2020",Conan Exiles,,,,,,,,,,,,,,,,,,,,
0,Sakura Wars Digital Deluxe Edition,Iron Front: Digital War Edition,,,,,,,,,,,,,,,,,,,,
0,The Last of Us Part II Digital Deluxe Edition,The Last of Us Part II,,,,,,,,,,,,,,,,,,,,
0,The Elder Scrolls Online: Greymoor Collector’s Edition,The Elder Scrolls Online: Greymoor,,,,,,,,,,,,,,,,,,,,
0,F1 2020 - Deluxe Schumacher Edition,DISTRAINT: Deluxe Edition,,,,,,,,,,,,,,,,,,,,
0,Edição Deluxe de Captain Tsubasa: Rise of New Champions,Captain Tsubasa: Rise of New Champions,,,,,,,,,,,,,,,,,,,,
0,Rock of Ages 3: Make and Break,Rock of Ages 3: Make & Break,,,,,,,,,,,,,,,,,,,,
0,Remnant: From the Ashes – Complete Edition,Remnant: From the Ashes,,,,,,,,,,,,,,,,,,,,
0,eFootball PES 2021 SEASON UPDATE ARSENAL EDITION,eFootball PES 2021,,,,,,,,,,,,,,,,,,,,
0,eFootball PES 2021 SEASON UPDATE FC BARCELONA EDITION,eFootball PES 2021,,,,,,,,,,,,,,,,,,,,
0,eFootball PES 2021 SEASON UPDATE FC BAYERN MÜNCHEN EDITION,eFootball PES 2021,,,,,,,,,,,,,,,,,,,,
0,eFootball PES 2021 SEASON UPDATE JUVENTUS EDITION,eFootball PES 2021,,,,,,,,,,,,,,,,,,,,
0,eFootball PES 2021 SEASON UPDATE MANCHESTER UNITED EDITION,eFootball PES 2021,,,,,,,,,,,,,,,,,,,,
0,Black Desert: Conqueror Edition,Black Desert Online,,,,,,,,,,,,,,,,,,,,
0,Black Desert: Explorer Edition,Black Desert Online,,,,,,,,,,,,,,,,,,,,
0,Black Desert: Traveler Edition,Black Desert Online,,,,,,,,,,,,,,,,,,,,
0,Skully,Skully(itch),,,,,,,,,,,,,,,,,,,,
0,Train Sim World® 2,Train Sim World: CSX Heavy Haul,,,,,,,,,,,,,,,,,,,,
0,Railway Empire - Complete Collection,Railway Empire – Complete Collection,,,,,,,,,,,,,,,,,,,,
0,VELOZES E FURIOSOS ENCRUZILHADA,Gon' E-Choo!,,,,,,,,,,,,,,,,,,,,
0,New Super Lucky’s Tale,New Super Lucky's Tale,,,,,,,,,,,,,,,,,,,,
0,FUSER™ VIP Edition,Fuser,,,,,,,,,,,,,,,,,,,,
0,FUSER™,Fuser,,,,,,,,,,,,,,,,,,,,
0,The Walking Dead Onslaught: Digital Deluxe,OVERKILL's The Walking Dead,,,,,,,,,,,,,,,,,,,,
0,Motorbike Racing Bundle,Motorbike Racing - Moto Racer,,,,,,,,,,,,,,,,,,,,
0,Warface: Breakout – Edição Definitiva,Warface: Breakout,,,,,,,,,,,,,,,,,,,,
0,Let’s Sing Queen,Let's Sing Queen,,,,,,,,,,,,,,,,,,,,
0,Dead by Daylight: Special Edition,Dead by Daylight: Clicker,,,,,,,,,,,,,,,,,,,,
0,Jurassic World Evolution: Edição Jurassic Park,Jurassic World Evolution,,,,,,,,,,,,,,,,,,,,
0,Macrotis: A Mother’s Journey,Macrotis: A Mother's Journey,,,,,,,,,,,,,,,,,,,,
0,DOOM Eternal: Year One Pass (Standalone),DOOM Eternal: Year One Pass,,,,,,,,,,,,,,,,,,,,
0,Battlefield™ V Edição Definitiva,Battlefield V,,,,,,,,,,,,,,,,,,,,
0,The Legend of Heroes: Trails of Cold Steel IV Digital Deluxe Edition,The Legend of Heroes VIII: Trails of Cold Steel,,,,,,,,,,,,,,,,,,,,
0,Just Dance® 2021,Just Dance 2020,,,,,,,,,,,,,,,,,,,,
0,Santa’s Xmas Adventure,Santa's Xmas Adventure,,,,,,,,,,,,,,,,,,,,
0,Fishing Sim World: Bass Pro Shops Edition,Bass Pro Shops: The Strike,,,,,,,,,,,,,,,,,,,,
0,Söldner-X 2: Final Prototype Definitive Edition,Söldner-X 2: Final Prototype,,,,,,,,,,,,,,,,,,,,
0,Dying Light Anniversary Edition,Dying Light: The Following - Enhanced Edition,,,,,,,,,,,,,,,,,,,,
0,Let’s Sing 2021 - Platinum Edition,SpellForce - Platinum Edition,,,,,,,,,,,,,,,,,,,,
0,"Pacote Assassin’s Creed®: Assassin’s Creed® Valhalla, Assassin’s Creed® Odyssey e Assassin’s Creed® Origins",Assassin's Creed Odyssey,,,,,,,,,,,,,,,,,,,,
0,Fishing Sim World: Pro Tour + The Catch: Carp and Coarse,Fishing Sim World: Pro Tour + The Catch: Carp & Coarse,,,,,,,,,,,,,,,,,,,,
0,Ys IX: Monstrum Nox Digital Deluxe Edition,Ys IX: Monstrum Nox,,,,,,,,,,,,,,,,,,,,
0,DiRT Rally® PLUS PLAYSTATION®VR BUNDLE,DiRT Rally 2.0,,,,,,,,,,,,,,,,,,,,
0,NASCAR Heat 5 - Ultimate Edition,Blasting Agent: Ultimate Edition,,,,,,,,,,,,,,,,,,,,
0,The Catch: Carp and Coarse - Collector’s Edition,The Catch: Carp and Coarse,,,,,,,,,,,,,,,,,,,,
0,NHL™ 21 Deluxe Edition,NHL 21,,,,,,,,,,,,,,,,,,,,
0,NHL™ 21 Great Eight Edition,NHL 21,,,,,,,,,,,,,,,,,,,,
0,UFC® 4 Edição Deluxe,UFC 4,,,,,,,,,,,,,,,,,,,,
0,Atelier Mysterious Trilogy Deluxe Pack,AGON - The Mysterious Codex (Trilogy),,,,,,,,,,,,,,,,,,,,
0,Can’t Drive This,Can't Drive This,,,,,,,,,,,,,,,,,,,,
0,"SWORD ART ONLINE: Alicization Lycoris, Edição Deluxe",SWORD ART ONLINE: Alicization Lycoris,,,,,,,,,,,,,,,,,,,,
0,Gal*Gun: Double Peace - Complete Edition,Gal Gun: Double Peace,,,,,,,,,,,,,,,,,,,,
0,Let’s Sing 2020 Platinum Edition,SpellForce - Platinum Edition,,,,,,,,,,,,,,,,,,,,
0,Let’s Sing 2020,Let's Sing 2020,,,,,,,,,,,,,,,,,,,,
0,RIDE 4 - Special Edition PS4 and PS5,Back 4 Blood: PS4 and PS5,,,,,,,,,,,,,,,,,,,,
0,OVERPASS Deluxe Edition,DISTRAINT: Deluxe Edition,,,,,,,,,,,,,,,,,,,,
0,NAMCO MUSEUM® ARCHIVES Vol 2,Namco Museum Vol. 2,,,,,,,,,,,,,,,,,,,,
0,Fishing Sim World®: Pro Tour - Collector’s Edition,Fishing Sim World: Pro Tour + Giant Carp Pack,,,,,,,,,,,,,,,,,,,,
0,Scott Pilgrim vs. The World™: The Game – Complete Edition,Scott Pilgrim vs. The World: The Game – Complete Edition,,,,,,,,,,,,,,,,,,,,
0,Gal*Gun 2 - Complete Edition,Gal Gun: Double Peace,,,,,,,,,,,,,,,,,,,,
0,BioShock Infinite: The Complete Edition,Nioh: Complete Edition / 仁王 Complete Edition,,,,,,,,,,,,,,,,,,,,
0,TT Isle of Man: Ride on the Edge 2,TT Isle of Man - Ride on the Edge,,,,,,,,,,,,,,,,,,,,
0,Tom Clancy’s The Division® Franchise Bundle,Tom Clancy’s The Division,,,,,,,,,,,,,,,,,,,,
0,The Crew® 2,The Crew 2,,,,,,,,,,,,,,,,,,,,
0,ONE PUNCH MAN: A HERO NOBODY KNOWS Edição Deluxe,One Punch Man: A Hero Nobody Knows,,,,,,,,,,,,,,,,,,,,
0,Knightin’+,Knightin',,,,,,,,,,,,,,,,,,,,
0,CHUBBY PIXEL MEGA BUNDLE,Mega Man (1987),,,,,,,,,,,,,,,,,,,,
0,DRAGON BALL Z: KAKAROT - Edição de Luxo,Dragon Ball Z: Kakarot,,,,,,,,,,,,,,,,,,,,
0,Graveyard Keeper Collector’s Edition,Nearwood - Collector's Edition,,,,,,,,,,,,,,,,,,,,
0,STEINS;GATE: My Darling’s Embrace,STEINS;GATE,,,,,,,,,,,,,,,,,,,,
0,Pacote RV de Espire 1: VR Operative e Killing Floor: Incursion,Killing Floor: Incursion,,,,,,,,,,,,,,,,,,,,
0,Woodle Tree 2: Deluxe+,Woodle Tree 2: Deluxe,,,,,,,,,,,,,,,,,,,,
0,Farmer’s Dynasty,Farmer's Dynasty,,,,,,,,,,,,,,,,,,,,
0,Need for Speed™ Heat Edição Deluxe,Need for Speed Heat,,,,,,,,,,,,,,,,,,,,
0,MediEvil,MediEvil (1998),,,,,,,,,,,,,,,,,,,,
0,MediEvil - Digital Deluxe,MediEvil (1998),,,,,,,,,,,,,,,,,,,,
0,WWE 2K20 Deluxe Edition,DISTRAINT: Deluxe Edition,,,,,,,,,,,,,,,,,,,,
0,YU-NO: A girl who chants love at the bound of this world.,YU-NO: A girl who chants love at the bound of this world,,,,,,,,,,,,,,,,,,,,
0,WRC 8 Deluxe Edition FIA World Rally Championship,WRC 4 FIA World Rally Championship,,,,,,,,,,,,,,,,,,,,
0,Train Sim World® 2020 Deluxe Edition,Train Sim World: CSX Heavy Haul,,,,,,,,,,,,,,,,,,,,
0,Edna and Harvey: Harvey’s New Eyes,Edna & Harvey: Harvey's New Eyes,,,,,,,,,,,,,,,,,,,,
0,The Savior’s Gang - Blessed Edition,The Savior's Gang,,,,,,,,,,,,,,,,,,,,
0,DOOM (1993),DOOM (25th anniversary),,,,,,,,,,,,,,,,,,,,
0,DOOM II (Classic),DOOM II (25th anniversary),,,,,,,,,,,,,,,,,,,,
0,Wolfenstein: Cyberpilot ,Wolfenstein: Cyberpilot,,,,,,,,,,,,,,,,,,,,
0,DRAGON QUEST BUILDERS 2 Digital Deluxe Edition,Assassin's Creed 2 Deluxe Edition,,,,,,,,,,,,,,,,,,,,
0,Tennis World Tour: Roland-Garros Edition,Tennis World Tour,,,,,,,,,,,,,,,,,,,,
0,Bird Game +,Bird Game...,,,,,,,,,,,,,,,,,,,,
0,Space Hulk Bundle,Space Hulk: Tactics,,,,,,,,,,,,,,,,,,,,
0,Suicide Guy Bundle,Suicide Guy: Sleepin' Deeply,,,,,,,,,,,,,,,,,,,,
0,Our World is Ended.,Our World Is Ended,,,,,,,,,,,,,,,,,,,,
0,World War Z,World War Z (2019),,,,,,,,,,,,,,,,,,,,
0,EARTH DEFENSE FORCE:IRON RAIN,Earth Defense Force: Iron Rain,,,,,,,,,,,,,,,,,,,,
0,Generation Zero®,Generation Zero (2019),,,,,,,,,,,,,,,,,,,,
0,The Legend of Heroes: Trails of Cold Steel,The Legend of Heroes VIII: Trails of Cold Steel,,,,,,,,,,,,,,,,,,,,
0,LEFT ALIVE™ DAY ONE EDITION,LEFT ALIVE,,,,,,,,,,,,,,,,,,,,
0,Anthem™ Edição Standard,Anthem,,,,,,,,,,,,,,,,,,,,
0,STEINS;GATE ELITE,STEINS;GATE,,,,,,,,,,,,,,,,,,,,
0,Suicide Guy: Sleepin’ Deeply,Suicide Guy: Sleepin' Deeply,,,,,,,,,,,,,,,,,,,,
0,Fishing Sim World: Pro Tour + Quad Lake Pass,Fishing Sim World: Pro Tour + Giant Carp Pack,,,,,,,,,,,,,,,,,,,,
0,Warhammer: Vermintide 2 - Edição Premium ,Warhammer: Vermintide 2,,,,,,,,,,,,,,,,,,,,
0,Déraciné,Deracine,,,,,,,,,,,,,,,,,,,,
0,Call of Cthulhu®,Call of Cthulhu: Prisoner of Ice,,,,,,,,,,,,,,,,,,,,
0,For Honor® Marching Fire™ Edition,For Honor,,,,,,,,,,,,,,,,,,,,
0,The Surge - Augmented Edition,The Surge,,,,,,,,,,,,,,,,,,,,
0,Assassin’s Creed® Odyssey Deluxe Edition,Assassin's Creed Odyssey,,,,,,,,,,,,,,,,,,,,
0,Assassin’s Creed® Odyssey Ultimate Edition,Assassin's Creed Odyssey,,,,,,,,,,,,,,,,,,,,
0,Fishing Sim World®: Pro Tour Deluxe Edition,Fishing Sim World: Pro Tour + Giant Carp Pack,,,,,,,,,,,,,,,,,,,,
0,V-Rally 4 Ultimate Edition ,V-Rally 4,,,,,,,,,,,,,,,,,,,,
0,SNK HEROINES Tag Team Frenzy,SNK Heroines: Tag Team Frenzy,,,,,,,,,,,,,,,,,,,,
0,Fire Pro Wrestling World Deluxe Edition,Fire Pro Wrestling (Old),,,,,,,,,,,,,,,,,,,,
0,Terra-média™: Sombras da Guerra™ Edição Definitiva,Harmonikharath - Terras da Dissonância Sombria,,,,,,,,,,,,,,,,,,,,
0,"Warhammer 40,000: Inquisitor - Martyr | Imperium edition","Warhammer 40,000: Inquisitor - Martyr",,,,,,,,,,,,,,,,,,,,
0,THE KING OF FIGHTERS™ COLLECTION: THE OROCHI SAGA,THE KING OF FIGHTERS Collection: The Orochi Saga,,,,,,,,,,,,,,,,,,,,
0,LEGO® Os Incríveis,LEGO The Hobbit,,,,,,,,,,,,,,,,,,,,
0,Shaq-Fu: A Legend Reborn,Shaq Fu: A Legend Reborn,,,,,,,,,,,,,,,,,,,,
0,Yoku’s Island Express,Yoku's Island Express,,,,,,,,,,,,,,,,,,,,
0,PixelJunk™ Monsters 2,PixelJunk Monsters Ultimate,,,,,,,,,,,,,,,,,,,,
0,PixelJunk™ Monsters 2 Deluxe Edition,PixelJunk Monsters Ultimate,,,,,,,,,,,,,,,,,,,,
0,Euro Fishing: Ultimate Edition,Euro Fishing,,,,,,,,,,,,,,,,,,,,
0,Tennis World Tour - Legends Edition,Tennis World Tour,,,,,,,,,,,,,,,,,,,,
0,Call of Duty®: WWII - Edição Ouro,Call of Duty: WWII,,,,,,,,,,,,,,,,,,,,
0,Assetto Corsa Ultimate Edition,Assetto Corsa Competizione,,,,,,,,,,,,,,,,,,,,
0,THE KING OF FIGHTERS ’97 GLOBAL MATCH,THE KING OF FIGHTERS '97 GLOBAL MATCH,,,,,,,,,,,,,,,,,,,,
0,THE KING OF FIGHTERS™ ’98 ULTIMATE MATCH,THE KING OF FIGHTERS '98 ULTIMATE MATCH,,,,,,,,,,,,,,,,,,,,
0,Warhammer Vermintide - The Ultimate Edition,Warhammer: Vermintide 2,,,,,,,,,,,,,,,,,,,,
0,Euro Fishing: Castle Edition,Euro Fishing,,,,,,,,,,,,,,,,,,,,
0,TT Isle of Man: Ride on the Edge,TT Isle of Man - Ride on the Edge,,,,,,,,,,,,,,,,,,,,
0,Bleed Complete Bundle,Bleed,,,,,,,,,,,,,,,,,,,,
0,SHADOW OF THE COLOSSUS,Shadow of the Colossus (2011),,,,,,,,,,,,,,,,,,,,
0,Digimon Story: Cyber Sleuth - Hacker’s Memory,Digimon Story Cyber Sleuth: Hacker’s Memory,,,,,,,,,,,,,,,,,,,,
0,LocoRoco™ 2 Remastered,LocoRoco 2 Remastered,,,,,,,,,,,,,,,,,,,,
0,The Sims™ 4,The Sims 4,,,,,,,,,,,,,,,,,,,,
0,Agents of Mayhem - Total Mayhem Bundle,Agents of Mayhem,,,,,,,,,,,,,,,,,,,,
0,Need for Speed™ Payback,Need for Speed Payback,,,,,,,,,,,,,,,,,,,,
0,Wheel of Fortune®,Wheel of Fortune (Old),,,,,,,,,,,,,,,,,,,,
0,Call of Duty®: Black Ops III - Edição Zombies Chronicles,Call of Duty: Black Ops,,,,,,,,,,,,,,,,,,,,
0,Jak and Daxter: The Precursor Legacy™,Jak and Daxter: The Precursor Legacy,,,,,,,,,,,,,,,,,,,,
0,Patapon™ Remastered,Patapon Remastered,,,,,,,,,,,,,,,,,,,,
0,Titanfall™ 2: Edição Ultimate,Titanfall,,,,,,,,,,,,,,,,,,,,
0,Infinite Minigolf,Infinite Mini Golf,,,,,,,,,,,,,,,,,,,,
0,Euro Fishing: Urban Edition,Euro Fishing,,,,,,,,,,,,,,,,,,,,
0,SpeedRunners Deluxe Bundle,SpeedRunners,,,,,,,,,,,,,,,,,,,,
0,LocoRoco™ Remastered,LocoRoco Remastered,,,,,,,,,,,,,,,,,,,,
0,DRAGON QUEST HEROES II™ Edição do Explorador,Dragon Quest (1986),,,,,,,,,,,,,,,,,,,,
0,Wonder Boy: The Dragon’s Trap,Wonder Boy: The Dragon's Trap,,,,,,,,,,,,,,,,,,,,
0,PaRappa The Rapper™ Remastered,PaRappa the Rapper (1996),,,,,,,,,,,,,,,,,,,,
0,FATAL FURY™ BATTLE ARCHIVES VOL.2,FATAL FURY BATTLE ARCHIVES VOL.2,,,,,,,,,,,,,,,,,,,,
0,ADK DAMASHII™,ADK DAMASHII,,,,,,,,,,,,,,,,,,,,
0,Assassin’s Creed® The Ezio Collection,Assassin’s Creed The Ezio Collection,,,,,,,,,,,,,,,,,,,,
0,FU’UN SUPER COMBO™,FU'UN SUPER COMBO,,,,,,,,,,,,,,,,,,,,
0,The Escapists: Supermax Edition,The Escapists,,,,,,,,,,,,,,,,,,,,
0,Overcooked Holiday Bundle,Overcooked,,,,,,,,,,,,,,,,,,,,
0,GAROU: MARK OF THE WOLVES™,Garou: Mark of the Wolves,,,,,,,,,,,,,,,,,,,,
0,Destroy All Humans! 2 (2006),Destroy All Humans!,,,,,,,,,,,,,,,,,,,,
0,Steins;Gate 0,STEINS;GATE,,,,,,,,,,,,,,,,,,,,
0,SAMURAI SHODOWN VI™,SAMURAI SHODOWN II,,,,,,,,,,,,,,,,,,,,
0,Call of Duty®: Infinite Warfare - Digital Deluxe,Call of Duty: Infinite Warfare,,,,,,,,,,,,,,,,,,,,
0,Call of Duty®: Infinite Warfare - Legacy Edition,Call of Duty: Infinite Warfare,,,,,,,,,,,,,,,,,,,,
0,Pacote Hasbro Diversão para a Família – Edição Super,Diversion-A,,,,,,,,,,,,,,,,,,,,
0,Destroy All Humans! (2005),Destroy All Humans!,,,,,,,,,,,,,,,,,,,,
0,Team17 Indie Heroes,Team17 Indie Heroes Pack,,,,,,,,,,,,,,,,,,,,
0,Call of Duty®: Modern Warfare® Remastered,Call of Duty: Modern Warfare Remastered,,,,,,,,,,,,,,,,,,,,
0,Tropico 5 - Complete Collection,Tropico 5: Complete Collection,,,,,,,,,,,,,,,,,,,,
0,Air Conflicts: Double Pack,Air Conflicts: Vietnam,,,,,,,,,,,,,,,,,,,,
0,Gal*Gun: Double Peace,Gal Gun: Double Peace,,,,,,,,,,,,,,,,,,,,
0,LEGO® Star Wars™: The Force Awakens,LEGO Star Wars: The Force Awakens,,,,,,,,,,,,,,,,,,,,
0,Conjunto SMITE Pacote Supremo de Deuses,SMITE,,,,,,,,,,,,,,,,,,,,
0,Homefront®: The Revolution ’Freedom Fighter’ Bundle,Homefront: The Revolution,,,,,,,,,,,,,,,,,,,,
0,BUNDLE FAR CRY 4 + FAR CRY PRIMAL,Far Cry,,,,,,,,,,,,,,,,,,,,
0,Tom Clancy’s The Division™ Gold Edition,Tom Clancy’s The Division,,,,,,,,,,,,,,,,,,,,
0,Plants vs. Zombies™ Garden Warfare 2: Edição Deluxe,Plants vs. Zombies Garden Warfare 2,,,,,,,,,,,,,,,,,,,,
0,Gravity Rush™ Remastered,Gravity Rush Remastered,,,,,,,,,,,,,,,,,,,,
0,LEGO® Marvel’s Avengers,LEGO Marvel's Avengers,,,,,,,,,,,,,,,,,,,,
0,PaRappa The Rapper 2™,PaRappa the Rapper (1996),,,,,,,,,,,,,,,,,,,,
0,STAR WARS™  Battlefront™ Ultimate Edition,Star Wars: Battlefront,,,,,,,,,,,,,,,,,,,,
0,Need for Speed™,Need for Speed: ProStreet,,,,,,,,,,,,,,,,,,,,
0,Assassin’s Creed® Syndicate,Assassin's Creed Syndicate,,,,,,,,,,,,,,,,,,,,
0,DRAGON QUEST HEROES: Digital Slime Edition,Dragon Quest Heroes: Rocket Slime,,,,,,,,,,,,,,,,,,,,
0,DRAGON QUEST HEROES: The World Tree’s Woe and the Blight Below,DRAGON QUEST HEROES: The World Tree's Woe and the Blight Below,,,,,,,,,,,,,,,,,,,,
0,Journey™ Collector’s Edition,Nearwood - Collector's Edition,,,,,,,,,,,,,,,,,,,,
0,Tearaway™ Unfolded,Tearaway Unfolded,,,,,,,,,,,,,,,,,,,,
0,Dying Light,Dying Light: The Following - Enhanced Edition,,,,,,,,,,,,,,,,,,,,
0,Saints Row IV Re-Elected ,Saints Row IV: Re-Elected,,,,,,,,,,,,,,,,,,,,
0,The Order: 1886™,The Order: 1886,,,,,,,,,,,,,,,,,,,,
0,Assassin’s Creed® Unity,Assassin's Creed Unity,,,,,,,,,,,,,,,,,,,,
0,LEGO® Batman™ 3: Além de Gotham Edição Luxo,LEGO Batman 3: Beyond Gotham,,,,,,,,,,,,,,,,,,,,
0,MotoGP™14,MotoGP 14,,,,,,,,,,,,,,,,,,,,
0,Call of Duty®: Advanced Warfare - Edição Digital Pro,Call of Duty: Advanced Warfare,,,,,,,,,,,,,,,,,,,,
0,Lone Survivor: The Director’s Cut,Lone Survivor: The Director's Cut,,,,,,,,,,,,,,,,,,,,
0,Shadow Warrior,Shadow Warrior (2013),,,,,,,,,,,,,,,,,,,,
0,Defense Grid 2,DG2: Defense Grid 2,,,,,,,,,,,,,,,,,,,,
0,Valiant Hearts: The Great War™,Valiant Hearts: The Great War,,,,,,,,,,,,,,,,,,,,
0,Pure Chess® Complete Bundle,Pure Chess,,,,,,,,,,,,,,,,,,,,
0,Stealth Inc: Ultimate Edition,Stealth Inc: A Clone in the Dark,,,,,,,,,,,,,,,,,,,,
0,Battlefield 4™,Battlefield 4,,,,,,,,,,,,,,,,,,,,
0,Need for Speed™ Hot Pursuit Remastered,Need for Speed: Hot Pursuit Remastered,,,,,,,,,,,,,,,,,,,,
0,Down the Rabbit Hole,Down The Rabbit Hole (itch),,,,,,,,,,,,,,,,,,,,
0,Conjunto de Jogos LEGO®,Jogo de Damas - Os Clássicos jogos de tabuleiro,,,,,,,,,,,,,,,,,,,,
0,White Day - Ultimate Horror Edition,Blasting Agent: Ultimate Edition,,,,,,,,,,,,,,,,,,,,
0,The Sinking City: Necronomicon Edition,Necronomicon: The Dawning of Darkness,,,,,,,,,,,,,,,,,,,,
0,The Catch: Carp and Coarse Fishing,The Catch: Carp and Coarse,,,,,,,,,,,,,,,,,,,,
0,Ultra Hat Dimension,Ultra Hat Dimension (itch),,,,,,,,,,,,,,,,,,,,
0,Hunting Simulator 2 Bear Hunter Edition,Bear With Me - Collector's Edition,,,,,,,,,,,,,,,,,,,,
0,Jupiter and Mars,Jupiter & Mars,,,,,,,,,,,,,,,,,,,,
0,Train Sim World® 2: Deluxe Edition,Train Sim World: CSX Heavy Haul,,,,,,,,,,,,,,,,,,,,
0,WW1 Game Series Bundle,ARCADE GAME SERIES: GALAGA,,,,,,,,,,,,,,,,,,,,
0,Nicole,Nicole (itch),,,,,,,,,,,,,,,,,,,,
0,Kerbal Space Program Enhanced Edition Complete,Space Hulk: Deathwing - Enhanced Edition,,,,,,,,,,,,,,,,,,,,
0,Tennis World Tour 2 Ace Edition,Tennis World Tour,,,,,,,,,,,,,,,,,,,,
0,The Catch: Carp and Coarse - Deluxe Edition,The Catch: Carp and Coarse,,,,,,,,,,,,,,,,,,,,
0,ROBOTICS;NOTES DaSH,Robotics,,,,,,,,,,,,,,,,,,,,
0,ROBOTICS;NOTES DOUBLE PACK,Robotics,,,,,,,,,,,,,,,,,,,,
0,ROBOTICS;NOTES ELITE,Robotics,,,,,,,,,,,,,,,,,,,,
0,CrossKrush PS4 and PS5,Spacebase Startopia - PS4 and PS5,,,,,,,,,,,,,,,,,,,,
0,NHL™ 21,NHL 21,,,,,,,,,,,,,,,,,,,,
0,Monster Truck Championship Rebel Hunter Edition,Monster Hunter Rise,,,,,,,,,,,,,,,,,,,,
0,Warhammer: Chaosbane Slayer Edition,Warhammer: Chaosbane,,,,,,,,,,,,,,,,,,,,
0,Empire of Sin - Deluxe Edition,DISTRAINT: Deluxe Edition,,,,,,,,,,,,,,,,,,,,
0,Empire of Sin - Premium Edition,Empire of Sin,,,,,,,,,,,,,,,,,,,,
0,PACOTE TRIPLO DA EA STAR WARS™,Star Wars: Empire at War,,,,,,,,,,,,,,,,,,,,
0,The Outer Worlds: Pacote Aprovado pela Diretoria,The Outer Worlds,,,,,,,,,,,,,,,,,,,,
0,Autumn’s Journey,Autumn's Journey,,,,,,,,,,,,,,,,,,,,
0,Edição de Luxo de Paladins,De-Void,,,,,,,,,,,,,,,,,,,,
0,Edição de Ouro de Paladins,De-Void,,,,,,,,,,,,,,,,,,,,
0,Edição Inicial de Paladins,Paladins,,,,,,,,,,,,,,,,,,,,
0,Steamroll: Rustless Edition,Steamroll,,,,,,,,,,,,,,,,,,,,
0,Pacote 2K Ball N’ Brawl,Crawl N' Brawl,,,,,,,,,,,,,,,,,,,,
0,Blood Bowl 2: Legendary Edition,Blood Bowl Legendary Edition,,,,,,,,,,,,,,,,,,,,
0,PixelJunk™ Shooter Ultimate,PixelJunk Monsters Ultimate,,,,,,,,,,,,,,,,,,,,
0,THE KING OF FIGHTERS XIV Special Anniversary Edition,The King of Fighters XIV,,,,,,,,,,,,,,,,,,,,
