,name,game_names
3,fallout 76: aurora de aço,Fallout 76
4,the division 2  warlords of new york,Tom Clancy’s The Division 2: Warlords of New York
5,monster energy supercross 3,Monster Energy Supercross - The Official Videogame 3
9,grid,GRID
19,god of war,God of War
20,extinction,Extinction
22,wuppo - super,Wuppo
27,lego star wars : lego star wars : the force awakens de luxo,LEGO Star Wars: The Force Awakens
28,umbrella corps,Umbrella Corps /Biohazard Umbrella Corps
31,bloodborne  bundle,Bloodborne
33,"conan exiles – , maio de 2020",Conan Exiles
44,dying light,Dying Light
49,overpass,Overpass (itch)
50,fishing sim world : pro tour,Fishing Sim World: Pro Tour + The Catch: Carp & Coarse
54,medievil,Medievil
61,assassin’s creed odyssey,Assassin's Creed Odyssey
62,fishing sim world : pro tour,Fishing Sim World: Pro Tour + The Catch: Carp & Coarse
72,dragon quest heroes,DRAGON QUEST HEROES II
73,lego batman 3: além de gotham,LEGO Batman
74,stealth inc,Stealth Inc: A Clone in the Dark
